"organism","number"
"Pseudomonas alkylphenolica","Multiple"
"Pseudomonas alkylphenolica","Multiple"
"Pseudomonas anguilliseptica","Multiple"
"Pseudomonas anguilliseptica","Multiple"
"Pseudomonas arsenicoxydans","Multiple"
"Pseudomonas arsenicoxydans","Multiple"
"Pseudomonas baetica","Multiple"
"Pseudomonas baetica","Multiple"
"Pseudomonas brassicacearum","Multiple"
"Pseudomonas brassicacearum","Multiple"
"Pseudomonas brassicacearum subsp. brassicacearum NFM421","Multiple"
"Pseudomonas brassicacearum subsp. brassicacearum NFM421","Multiple"
"Pseudomonas brenneri","Multiple"
"Pseudomonas brenneri","Multiple"
"Pseudomonas chlororaphis","Multiple"
"Pseudomonas chlororaphis","Multiple"
"Pseudomonas chlororaphis O6","Multiple"
"Pseudomonas chlororaphis O6","Multiple"
"Pseudomonas chlororaphis subsp. aurantiaca","Multiple"
"Pseudomonas chlororaphis subsp. aurantiaca","Multiple"
"Pseudomonas chlororaphis subsp. aureofaciens","Multiple"
"Pseudomonas chlororaphis subsp. aureofaciens","Multiple"
"Pseudomonas chlororaphis subsp. aureofaciens 30-84","Multiple"
"Pseudomonas chlororaphis subsp. aureofaciens 30-84","Multiple"
"Pseudomonas chlororaphis subsp. chlororaphis","Multiple"
"Pseudomonas chlororaphis subsp. chlororaphis","Multiple"
"Pseudomonas chlororaphis subsp. piscium","Multiple"
"Pseudomonas chlororaphis subsp. piscium","Multiple"
"Pseudomonas citronellolis","Multiple"
"Pseudomonas citronellolis","Multiple"
"Pseudomonas citronellolis","Multiple"
"Pseudomonas corrugata","Multiple"
"Pseudomonas corrugata","Multiple"
"Pseudomonas corrugata","Multiple"
"Pseudomonas entomophila L48","Multiple"
"Pseudomonas entomophila L48","Multiple"
"Pseudomonas fluorescens F113","Multiple"
"Pseudomonas fluorescens F113","Multiple"
"Pseudomonas fluorescens Pf0-1","Multiple"
"Pseudomonas fluorescens Pf0-1","Multiple"
"Pseudomonas fluorescens R124","Multiple"
"Pseudomonas fluorescens R124","Multiple"
"Pseudomonas furukawaii","Multiple"
"Pseudomonas furukawaii","Multiple"
"Pseudomonas gessardii","Multiple"
"Pseudomonas gessardii","Multiple"
"Pseudomonas granadensis","Multiple"
"Pseudomonas granadensis","Multiple"
"Pseudomonas helmanticensis","Multiple"
"Pseudomonas helmanticensis","Multiple"
"Pseudomonas jessenii","Multiple"
"Pseudomonas jessenii","Multiple"
"Pseudomonas kilonensis","Multiple"
"Pseudomonas kilonensis","Multiple"
"Pseudomonas koreensis","Multiple"
"Pseudomonas koreensis","Multiple"
"Pseudomonas kribbensis","Multiple"
"Pseudomonas kribbensis","Multiple"
"Pseudomonas mediterranea","Multiple"
"Pseudomonas mediterranea","Multiple"
"Pseudomonas mendocina","Multiple"
"Pseudomonas mendocina","Multiple"
"Pseudomonas mendocina NK-01","Multiple"
"Pseudomonas mendocina NK-01","Multiple"
"Pseudomonas moorei","Multiple"
"Pseudomonas moorei","Multiple"
"Pseudomonas moraviensis","Multiple"
"Pseudomonas moraviensis","Multiple"
"Pseudomonas moraviensis R28-S","Multiple"
"Pseudomonas moraviensis R28-S","Multiple"
"Pseudomonas mosselii","Multiple"
"Pseudomonas mosselii","Multiple"
"Pseudomonas parafulva","Multiple"
"Pseudomonas parafulva","Multiple"
"Pseudomonas prosekii","Multiple"
"Pseudomonas prosekii","Multiple"
"Pseudomonas proteolytica","Multiple"
"Pseudomonas proteolytica","Multiple"
"Pseudomonas putida W619","Multiple"
"Pseudomonas putida W619","Multiple"
"Pseudomonas reidholzensis","Multiple"
"Pseudomonas reidholzensis","Multiple"
"Pseudomonas resinovorans NBRC 106553","Multiple"
"Pseudomonas resinovorans NBRC 106553","Multiple"
"Pseudomonas soli","Multiple"
"Pseudomonas soli","Multiple"
"Pseudomonas sp.","Multiple"
"Pseudomonas sp.","Multiple"
"Pseudomonas sp. 09C 129","Multiple"
"Pseudomonas sp. 09C 129","Multiple"
"Pseudomonas sp. 2848","Multiple"
"Pseudomonas sp. 2848","Multiple"
"Pseudomonas sp. 31-12","Multiple"
"Pseudomonas sp. 31-12","Multiple"
"Pseudomonas sp. 382","Multiple"
"Pseudomonas sp. 382","Multiple"
"Pseudomonas sp. 424","Multiple"
"Pseudomonas sp. 424","Multiple"
"Pseudomonas sp. 443","Multiple"
"Pseudomonas sp. 443","Multiple"
"Pseudomonas sp. 655","Multiple"
"Pseudomonas sp. 655","Multiple"
"Pseudomonas sp. 7SR1","Multiple"
"Pseudomonas sp. 7SR1","Multiple"
"Pseudomonas sp. 91RF","Multiple"
"Pseudomonas sp. 91RF","Multiple"
"Pseudomonas sp. A214","Multiple"
"Pseudomonas sp. A214","Multiple"
"Pseudomonas sp. ADP","Multiple"
"Pseudomonas sp. ADP","Multiple"
"Pseudomonas sp. ATCC 13867","Multiple"
"Pseudomonas sp. ATCC 13867","Multiple"
"Pseudomonas sp. B10","Multiple"
"Pseudomonas sp. B10","Multiple"
"Pseudomonas sp. CCOS 191","Multiple"
"Pseudomonas sp. CCOS 191","Multiple"
"Pseudomonas sp. DR 5-09","Multiple"
"Pseudomonas sp. DR 5-09","Multiple"
"Pseudomonas sp. DTU12.3","Multiple"
"Pseudomonas sp. DTU12.3","Multiple"
"Pseudomonas sp. FeS53a","Multiple"
"Pseudomonas sp. FeS53a","Multiple"
"Pseudomonas sp. FW104-15G4B","Multiple"
"Pseudomonas sp. FW104-15G4B","Multiple"
"Pseudomonas sp. FW215-L1","Multiple"
"Pseudomonas sp. FW215-L1","Multiple"
"Pseudomonas sp. FW215-R2","Multiple"
"Pseudomonas sp. FW215-R2","Multiple"
"Pseudomonas sp. FW305-3-2-15-A-R2A1","Multiple"
"Pseudomonas sp. FW305-3-2-15-A-R2A1","Multiple"
"Pseudomonas sp. FW305-BF8","Multiple"
"Pseudomonas sp. FW305-BF8","Multiple"
"Pseudomonas sp. FW306-07-L","Multiple"
"Pseudomonas sp. FW306-07-L","Multiple"
"Pseudomonas sp. FW306-1C-G01A","Multiple"
"Pseudomonas sp. FW306-1C-G01A","Multiple"
"Pseudomonas sp. FW306-2-1A-C05A","Multiple"
"Pseudomonas sp. FW306-2-1A-C05A","Multiple"
"Pseudomonas sp. FW306-2-2C-B10A","Multiple"
"Pseudomonas sp. FW306-2-2C-B10A","Multiple"
"Pseudomonas sp. FW306-2-2C-D06C","Multiple"
"Pseudomonas sp. FW306-2-2C-D06C","Multiple"
"Pseudomonas sp. GM17","Multiple"
"Pseudomonas sp. GM17","Multiple"
"Pseudomonas sp. GM41(2012)","Multiple"
"Pseudomonas sp. GM41(2012)","Multiple"
"Pseudomonas sp. GR 6-02","Multiple"
"Pseudomonas sp. GR 6-02","Multiple"
"Pseudomonas sp. GV034","Multiple"
"Pseudomonas sp. GV034","Multiple"
"Pseudomonas sp. GV054","Multiple"
"Pseudomonas sp. GV054","Multiple"
"Pseudomonas sp. GV071","Multiple"
"Pseudomonas sp. GV071","Multiple"
"Pseudomonas sp. GW101-1A09","Multiple"
"Pseudomonas sp. GW101-1A09","Multiple"
"Pseudomonas sp. GW101-20A5","Multiple"
"Pseudomonas sp. GW101-20A5","Multiple"
"Pseudomonas sp. GW101-3F01","Multiple"
"Pseudomonas sp. GW101-3F01","Multiple"
"Pseudomonas sp. GW456-11-11-14-LB2","Multiple"
"Pseudomonas sp. GW456-11-11-14-LB2","Multiple"
"Pseudomonas sp. GW456-12-1-14-LB2","Multiple"
"Pseudomonas sp. GW456-12-1-14-LB2","Multiple"
"Pseudomonas sp. GW456-12-10-14-LB1","Multiple"
"Pseudomonas sp. GW456-12-10-14-LB1","Multiple"
"Pseudomonas sp. GW456-12-10-14-LB2","Multiple"
"Pseudomonas sp. GW456-12-10-14-LB2","Multiple"
"Pseudomonas sp. GW456-12-10-14-LB3","Multiple"
"Pseudomonas sp. GW456-12-10-14-LB3","Multiple"
"Pseudomonas sp. GW456-E6","Multiple"
"Pseudomonas sp. GW456-E6","Multiple"
"Pseudomonas sp. GW456-L14","Multiple"
"Pseudomonas sp. GW456-L14","Multiple"
"Pseudomonas sp. GW460-11-11-14-LB11","Multiple"
"Pseudomonas sp. GW460-11-11-14-LB11","Multiple"
"Pseudomonas sp. GW460-12-1-14-LB3","Multiple"
"Pseudomonas sp. GW460-12-1-14-LB3","Multiple"
"Pseudomonas sp. GW460-13","Multiple"
"Pseudomonas sp. GW460-13","Multiple"
"Pseudomonas sp. GW460-7","Multiple"
"Pseudomonas sp. GW460-7","Multiple"
"Pseudomonas sp. GW460-8","Multiple"
"Pseudomonas sp. GW460-8","Multiple"
"Pseudomonas sp. GW460-C2","Multiple"
"Pseudomonas sp. GW460-C2","Multiple"
"Pseudomonas sp. GW460-C3","Multiple"
"Pseudomonas sp. GW460-C3","Multiple"
"Pseudomonas sp. GW460-C8","Multiple"
"Pseudomonas sp. GW460-C8","Multiple"
"Pseudomonas sp. K1S02-6","Multiple"
"Pseudomonas sp. K1S02-6","Multiple"
"Pseudomonas sp. K1S02-6","Multiple"
"Pseudomonas sp. K2W31S-8","Multiple"
"Pseudomonas sp. K2W31S-8","Multiple"
"Pseudomonas sp. M1","Multiple"
"Pseudomonas sp. M1","Multiple"
"Pseudomonas sp. M7D1","Multiple"
"Pseudomonas sp. M7D1","Multiple"
"Pseudomonas sp. MPR-AND1A","Multiple"
"Pseudomonas sp. MPR-AND1A","Multiple"
"Pseudomonas sp. MPR-E5","Multiple"
"Pseudomonas sp. MPR-E5","Multiple"
"Pseudomonas sp. MPR-R2A2","Multiple"
"Pseudomonas sp. MPR-R2A2","Multiple"
"Pseudomonas sp. MPR-TSA4","Multiple"
"Pseudomonas sp. MPR-TSA4","Multiple"
"Pseudomonas sp. MRSN12121","Multiple"
"Pseudomonas sp. MRSN12121","Multiple"
"Pseudomonas sp. MYb2","Multiple"
"Pseudomonas sp. MYb2","Multiple"
"Pseudomonas sp. MYb3","Multiple"
"Pseudomonas sp. MYb3","Multiple"
"Pseudomonas sp. NFACC11-2","Multiple"
"Pseudomonas sp. NFACC11-2","Multiple"
"Pseudomonas sp. NFACC41-3","Multiple"
"Pseudomonas sp. NFACC41-3","Multiple"
"Pseudomonas sp. NFIX51","Multiple"
"Pseudomonas sp. NFIX51","Multiple"
"Pseudomonas sp. NFPP07","Multiple"
"Pseudomonas sp. NFPP07","Multiple"
"Pseudomonas sp. PI1","Multiple"
"Pseudomonas sp. PI1","Multiple"
"Pseudomonas sp. PONIH3","Multiple"
"Pseudomonas sp. PONIH3","Multiple"
"Pseudomonas sp. RIT-PI-r","Multiple"
"Pseudomonas sp. RIT-PI-r","Multiple"
"Pseudomonas sp. RU47","Multiple"
"Pseudomonas sp. RU47","Multiple"
"Pseudomonas sp. SNU WT1","Multiple"
"Pseudomonas sp. SNU WT1","Multiple"
"Pseudomonas sp. SWI44","Multiple"
"Pseudomonas sp. SWI44","Multiple"
"Pseudomonas sp. SWI6","Multiple"
"Pseudomonas sp. SWI6","Multiple"
"Pseudomonas sp. TCU-HL1","Multiple"
"Pseudomonas sp. TCU-HL1","Multiple"
"Pseudomonas sp. UC 17F4","Multiple"
"Pseudomonas sp. UC 17F4","Multiple"
"Pseudomonas sp. VLB120","Multiple"
"Pseudomonas sp. VLB120","Multiple"
"Pseudomonas sp. Z003-0.4C(8344-21)","Multiple"
"Pseudomonas sp. Z003-0.4C(8344-21)","Multiple"
"Pseudomonas syringae","Multiple"
"Pseudomonas syringae","Multiple"
"Pseudomonas wadenswilerensis","Multiple"
"Pseudomonas wadenswilerensis","Multiple"
"Pseudomonas alcaligenes OT 69","One"
"Pseudomonas alcaliphila","One"
"Pseudomonas alcaliphila JAB1","One"
"Pseudomonas antarctica","One"
"Pseudomonas argentinensis","One"
"Pseudomonas borbori","One"
"Pseudomonas chengduensis","One"
"Pseudomonas chlororaphis subsp. aurantiaca PB-St2","One"
"Pseudomonas coleopterorum","One"
"Pseudomonas composti","One"
"Pseudomonas costantinii","One"
"Pseudomonas cuatrocienegasensis","One"
"Pseudomonas delhiensis","One"
"Pseudomonas entomophila","One"
"Pseudomonas extremaustralis","One"
"Pseudomonas fluorescens A506","One"
"Pseudomonas fluorescens NCIMB 11764","One"
"Pseudomonas fluorescens Q2-87","One"
"Pseudomonas frederiksbergensis","One"
"Pseudomonas fulva 12-X","One"
"Pseudomonas graminis","One"
"Pseudomonas guineae","One"
"Pseudomonas hussainii","One"
"Pseudomonas jilinensis","One"
"Pseudomonas jinjuensis","One"
"Pseudomonas kuykendallii","One"
"Pseudomonas laurylsulfatiphila","One"
"Pseudomonas lini","One"
"Pseudomonas lutea","One"
"Pseudomonas mandelii","One"
"Pseudomonas mandelii JR-1","One"
"Pseudomonas marincola","One"
"Pseudomonas mediterranea CFBP 5447","One"
"Pseudomonas mendocina S5.2","One"
"Pseudomonas migulae","One"
"Pseudomonas mohnii","One"
"Pseudomonas monteilii SB3078","One"
"Pseudomonas monteilii SB3101","One"
"Pseudomonas mucidolens","One"
"Pseudomonas nitroreducens","One"
"Pseudomonas orientalis","One"
"Pseudomonas oryzae","One"
"Pseudomonas otitidis","One"
"Pseudomonas palleroniana","One"
"Pseudomonas panacis","One"
"Pseudomonas pohangensis","One"
"Pseudomonas protegens","One"
"Pseudomonas protegens Cab57","One"
"Pseudomonas protegens CHA0","One"
"Pseudomonas protegens Pf-5","One"
"Pseudomonas putida","One"
"Pseudomonas putida B6-2","One"
"Pseudomonas putida BIRD-1","One"
"Pseudomonas putida CSV86","One"
"Pseudomonas putida F1","One"
"Pseudomonas putida GB-1","One"
"Pseudomonas putida HB3267","One"
"Pseudomonas putida KG-4","One"
"Pseudomonas putida KT2440","One"
"Pseudomonas putida NBRC 14164","One"
"Pseudomonas putida S13.1.2","One"
"Pseudomonas putida S16","One"
"Pseudomonas putida SJTE-1","One"
"Pseudomonas sagittaria","One"
"Pseudomonas saponiphila","One"
"Pseudomonas sediminis","One"
"Pseudomonas segetis","One"
"Pseudomonas sihuiensis","One"
"Pseudomonas songnenensis","One"
"Pseudomonas sp. 02C 26","One"
"Pseudomonas sp. 1033","One"
"Pseudomonas sp. 11K1","One"
"Pseudomonas sp. 1239","One"
"Pseudomonas sp. 1D4","One"
"Pseudomonas sp. 21","One"
"Pseudomonas sp. 21C1","One"
"Pseudomonas sp. 250J","One"
"Pseudomonas sp. 43NM1","One"
"Pseudomonas sp. 460","One"
"Pseudomonas sp. 478","One"
"Pseudomonas sp. 57B-090624","One"
"Pseudomonas sp. A-1","One"
"Pseudomonas sp. A46","One"
"Pseudomonas sp. ACN5","One"
"Pseudomonas sp. AOB-7","One"
"Pseudomonas sp. AP19","One"
"Pseudomonas sp. ATCC PTA-122608","One"
"Pseudomonas sp. B1(2018)","One"
"Pseudomonas sp. BBP2017","One"
"Pseudomonas sp. Bc-h","One"
"Pseudomonas sp. BGI-2","One"
"Pseudomonas sp. bs2935","One"
"Pseudomonas sp. C9","One"
"Pseudomonas sp. CH235","One"
"Pseudomonas sp. Choline-02u-1","One"
"Pseudomonas sp. CMR12a","One"
"Pseudomonas sp. CMR5c","One"
"Pseudomonas sp. CO183","One"
"Pseudomonas sp. DP16D-E2","One"
"Pseudomonas sp. DY-1","One"
"Pseudomonas sp. Ea RS28","One"
"Pseudomonas sp. EGD-AKN5","One"
"Pseudomonas sp. Ep R1","One"
"Pseudomonas sp. ES3-33","One"
"Pseudomonas sp. FDAARGOS_380","One"
"Pseudomonas sp. FFUP_PS_473","One"
"Pseudomonas sp. FGI182","One"
"Pseudomonas sp. FSL W5-0299","One"
"Pseudomonas sp. FW104-R4","One"
"Pseudomonas sp. FW126-L8","One"
"Pseudomonas sp. FW215-E1","One"
"Pseudomonas sp. FW215-R4","One"
"Pseudomonas sp. FW300-E2","One"
"Pseudomonas sp. FW303-C2","One"
"Pseudomonas sp. FW305-124","One"
"Pseudomonas sp. FW305-127","One"
"Pseudomonas sp. FW305-17","One"
"Pseudomonas sp. FW305-20","One"
"Pseudomonas sp. FW305-25","One"
"Pseudomonas sp. FW305-42","One"
"Pseudomonas sp. FW305-47B","One"
"Pseudomonas sp. FW305-53","One"
"Pseudomonas sp. FW305-62","One"
"Pseudomonas sp. FW305-67","One"
"Pseudomonas sp. FW305-BF15","One"
"Pseudomonas sp. FW305-BF6","One"
"Pseudomonas sp. FW306-2-2C-A10BC","One"
"Pseudomonas sp. FW507-12TSA","One"
"Pseudomonas sp. FW507-14D01","One"
"Pseudomonas sp. FW507-29LB","One"
"Pseudomonas sp. G5(2012)","One"
"Pseudomonas sp. GM102","One"
"Pseudomonas sp. GM18","One"
"Pseudomonas sp. GM79","One"
"Pseudomonas sp. GV012","One"
"Pseudomonas sp. GV021","One"
"Pseudomonas sp. GV041","One"
"Pseudomonas sp. GV077","One"
"Pseudomonas sp. GV091","One"
"Pseudomonas sp. GV105","One"
"Pseudomonas sp. GW247-3R2A","One"
"Pseudomonas sp. GW247-5R2A","One"
"Pseudomonas sp. GW456-L12","One"
"Pseudomonas sp. GW460-E13","One"
"Pseudomonas sp. GW531-E2","One"
"Pseudomonas sp. GW531-T4","One"
"Pseudomonas sp. GW704-F5","One"
"Pseudomonas sp. H9","One"
"Pseudomonas sp. HMWF021","One"
"Pseudomonas sp. ICMP 8385","One"
"Pseudomonas sp. In5","One"
"Pseudomonas sp. J237","One"
"Pseudomonas sp. LAM1902","One"
"Pseudomonas sp. LBUM920","One"
"Pseudomonas sp. Leaf434","One"
"Pseudomonas sp. Leaf58","One"
"Pseudomonas sp. Leaf83","One"
"Pseudomonas sp. LPH1","One"
"Pseudomonas sp. MF4836","One"
"Pseudomonas sp. MPBD4-3","One"
"Pseudomonas sp. MPR-ANC1","One"
"Pseudomonas sp. MPR-AND1B","One"
"Pseudomonas sp. MPR-R1B","One"
"Pseudomonas sp. MPR-R3B","One"
"Pseudomonas sp. MWU12-2115","One"
"Pseudomonas sp. MWU13-2625","One"
"Pseudomonas sp. MYb115","One"
"Pseudomonas sp. MYb187","One"
"Pseudomonas sp. MYb193","One"
"Pseudomonas sp. NDM","One"
"Pseudomonas sp. NFACC19-2","One"
"Pseudomonas sp. NFACC39-1","One"
"Pseudomonas sp. NFACC45","One"
"Pseudomonas sp. NFACC50-1","One"
"Pseudomonas sp. NFACC52","One"
"Pseudomonas sp. NFACC56-3","One"
"Pseudomonas sp. NFIX28","One"
"Pseudomonas sp. NFIX46","One"
"Pseudomonas sp. NFIX49","One"
"Pseudomonas sp. NFPP33","One"
"Pseudomonas sp. o96-267","One"
"Pseudomonas sp. OV081","One"
"Pseudomonas sp. OV221","One"
"Pseudomonas sp. OV226","One"
"Pseudomonas sp. OV397","One"
"Pseudomonas sp. OV467","One"
"Pseudomonas sp. OV657","One"
"Pseudomonas sp. PICF141","One"
"Pseudomonas sp. R1-43-08","One"
"Pseudomonas sp. R11-23-07","One"
"Pseudomonas sp. R2-37-08W","One"
"Pseudomonas sp. R2-60-08W","One"
"Pseudomonas sp. R2-7-07","One"
"Pseudomonas sp. R2A2","One"
"Pseudomonas sp. R3-18-08","One"
"Pseudomonas sp. R3-52-08","One"
"Pseudomonas sp. R4-34-07","One"
"Pseudomonas sp. R4-35-07","One"
"Pseudomonas sp. R4-39-08","One"
"Pseudomonas sp. R5-89-07","One"
"Pseudomonas sp. RIT-PI-a","One"
"Pseudomonas sp. RIT-PI-o","One"
"Pseudomonas sp. RIT 409","One"
"Pseudomonas sp. RIT 412","One"
"Pseudomonas sp. RIT288","One"
"Pseudomonas sp. RIT623","One"
"Pseudomonas sp. Root401","One"
"Pseudomonas sp. RW409","One"
"Pseudomonas sp. S-6-2","One"
"Pseudomonas sp. S09G 359","One"
"Pseudomonas sp. S150","One"
"Pseudomonas sp. s211(2017)","One"
"Pseudomonas sp. SCT","One"
"Pseudomonas sp. St29","One"
"Pseudomonas sp. SWI36","One"
"Pseudomonas sp. UW4","One"
"Pseudomonas sp. W15Feb9B","One"
"Pseudomonas sp. WP001","One"
"Pseudomonas sp. WPR_5_2","One"
"Pseudomonas sp. YY-1","One"
"Pseudomonas synxantha","One"
"Pseudomonas thivervalensis","One"
"Pseudomonas toyotomiensis","One"
"Pseudomonas umsongensis","One"
"Pseudomonas vancouverensis","One"
"Pseudomonas veronii","One"
"Pseudomonas yamanorum","One"
"Pseudomonas abietaniphila","None"
"Pseudomonas aeruginosa BL04","None"
"Pseudomonas aeruginosa BL25","None"
"Pseudomonas aeruginosa BWHPSA020","None"
"Pseudomonas aeruginosa BWHPSA020","None"
"Pseudomonas aeruginosa BWHPSA020","None"
"Pseudomonas aestus","None"
"Pseudomonas alcaligenes NBRC 14159","None"
"Pseudomonas alcaligenes NBRC 14159","None"
"Pseudomonas alcaligenes NBRC 14159","None"
"Pseudomonas alcaligenes NBRC 14159","None"
"Pseudomonas alcaligenes OT 69","None"
"Pseudomonas alcaligenes OT 69","None"
"Pseudomonas alcaligenes OT 69","None"
"Pseudomonas alcaligenes OT 69","None"
"Pseudomonas alcaligenes","None"
"Pseudomonas alcaliphila JAB1","None"
"Pseudomonas alcaliphila JAB1","None"
"Pseudomonas arsenicoxydans","None"
"Pseudomonas asplenii","None"
"Pseudomonas asplenii","None"
"Pseudomonas baetica","None"
"Pseudomonas benzenivorans","None"
"Pseudomonas borbori","None"
"Pseudomonas borbori","None"
"Pseudomonas borbori","None"
"Pseudomonas brassicacearum subsp. brassicacearum NFM421","None"
"Pseudomonas brassicacearum","None"
"Pseudomonas brenneri","None"
"Pseudomonas capeferrum","None"
"Pseudomonas chengduensis","None"
"Pseudomonas chengduensis","None"
"Pseudomonas chlororaphis O6","None"
"Pseudomonas chlororaphis subsp. aurantiaca PB-St2","None"
"Pseudomonas chlororaphis subsp. aurantiaca","None"
"Pseudomonas chlororaphis subsp. aureofaciens 30-84","None"
"Pseudomonas chlororaphis subsp. aureofaciens","None"
"Pseudomonas chlororaphis subsp. piscium","None"
"Pseudomonas chlororaphis","None"
"Pseudomonas coleopterorum","None"
"Pseudomonas composti","None"
"Pseudomonas composti","None"
"Pseudomonas composti","None"
"Pseudomonas corrugata","None"
"Pseudomonas cuatrocienegasensis","None"
"Pseudomonas cuatrocienegasensis","None"
"Pseudomonas delhiensis","None"
"Pseudomonas entomophila","None"
"Pseudomonas flavescens","None"
"Pseudomonas flavescens","None"
"Pseudomonas flavescens","None"
"Pseudomonas flavescens","None"
"Pseudomonas fluorescens BRIP34879","None"
"Pseudomonas fluorescens F113","None"
"Pseudomonas fluorescens FH5","None"
"Pseudomonas fluorescens Pf0-1","None"
"Pseudomonas fluorescens Pf0-1","None"
"Pseudomonas fluorescens Q2-87","None"
"Pseudomonas fluorescens Q2-87","None"
"Pseudomonas fluorescens Q2-87","None"
"Pseudomonas fluorescens Q2-87","None"
"Pseudomonas fluorescens Q8r1-96","None"
"Pseudomonas fluorescens Q8r1-96","None"
"Pseudomonas fluorescens Q8r1-96","None"
"Pseudomonas fluorescens R124","None"
"Pseudomonas fluorescens","None"
"Pseudomonas fulva 12-X","None"
"Pseudomonas furukawaii","None"
"Pseudomonas furukawaii","None"
"Pseudomonas furukawaii","None"
"Pseudomonas graminis","None"
"Pseudomonas granadensis","None"
"Pseudomonas guguanensis","None"
"Pseudomonas guineae","None"
"Pseudomonas helmanticensis","None"
"Pseudomonas hunanensis","None"
"Pseudomonas indica","None"
"Pseudomonas indica","None"
"Pseudomonas indica","None"
"Pseudomonas indica","None"
"Pseudomonas indoloxydans","None"
"Pseudomonas indoloxydans","None"
"Pseudomonas inefficax","None"
"Pseudomonas inefficax","None"
"Pseudomonas inefficax","None"
"Pseudomonas japonica","None"
"Pseudomonas japonica","None"
"Pseudomonas japonica","None"
"Pseudomonas jessenii","None"
"Pseudomonas jessenii","None"
"Pseudomonas jessenii","None"
"Pseudomonas jinjuensis","None"
"Pseudomonas kairouanensis","None"
"Pseudomonas kilonensis","None"
"Pseudomonas kilonensis","None"
"Pseudomonas knackmussii B13","None"
"Pseudomonas koreensis","None"
"Pseudomonas kribbensis","None"
"Pseudomonas kunmingensis","None"
"Pseudomonas laurylsulfatiphila","None"
"Pseudomonas laurylsulfatiphila","None"
"Pseudomonas laurylsulfatiphila","None"
"Pseudomonas laurylsulfatiphila","None"
"Pseudomonas laurylsulfatiphila","None"
"Pseudomonas laurylsulfatiphila","None"
"Pseudomonas laurylsulfativorans","None"
"Pseudomonas laurylsulfativorans","None"
"Pseudomonas laurylsulfativorans","None"
"Pseudomonas laurylsulfativorans","None"
"Pseudomonas laurylsulfativorans","None"
"Pseudomonas laurylsulfativorans","None"
"Pseudomonas laurylsulfativorans","None"
"Pseudomonas leptonychotis","None"
"Pseudomonas leptonychotis","None"
"Pseudomonas leptonychotis","None"
"Pseudomonas leptonychotis","None"
"Pseudomonas libanensis","None"
"Pseudomonas lini","None"
"Pseudomonas lini","None"
"Pseudomonas linyingensis","None"
"Pseudomonas lutea","None"
"Pseudomonas mandelii JR-1","None"
"Pseudomonas mandelii JR-1","None"
"Pseudomonas mandelii JR-1","None"
"Pseudomonas mandelii PD30","None"
"Pseudomonas mandelii PD30","None"
"Pseudomonas mandelii PD30","None"
"Pseudomonas mandelii","None"
"Pseudomonas mandelii","None"
"Pseudomonas mandelii","None"
"Pseudomonas marginalis pv. marginalis","None"
"Pseudomonas marginalis","None"
"Pseudomonas mediterranea CFBP 5447","None"
"Pseudomonas mediterranea CFBP 5447","None"
"Pseudomonas mediterranea CFBP 5447","None"
"Pseudomonas mediterranea","None"
"Pseudomonas mediterranea","None"
"Pseudomonas mendocina DLHK","None"
"Pseudomonas mendocina DLHK","None"
"Pseudomonas mendocina DLHK","None"
"Pseudomonas mendocina ymp","None"
"Pseudomonas mendocina ymp","None"
"Pseudomonas mendocina ymp","None"
"Pseudomonas migulae","None"
"Pseudomonas migulae","None"
"Pseudomonas migulae","None"
"Pseudomonas mohnii","None"
"Pseudomonas monteilii SB3078","None"
"Pseudomonas monteilii SB3101","None"
"Pseudomonas moraviensis R28-S","None"
"Pseudomonas moraviensis","None"
"Pseudomonas moraviensis","None"
"Pseudomonas oleovorans subsp. oleovorans","None"
"Pseudomonas oleovorans","None"
"Pseudomonas oryzae","None"
"Pseudomonas otitidis","None"
"Pseudomonas paralactis","None"
"Pseudomonas peli","None"
"Pseudomonas pohangensis","None"
"Pseudomonas punonensis","None"
"Pseudomonas putida CSV86","None"
"Pseudomonas putida DOT-T1E","None"
"Pseudomonas putida DOT-T1E","None"
"Pseudomonas putida F1","None"
"Pseudomonas putida GB-1","None"
"Pseudomonas putida HB3267","None"
"Pseudomonas putida KT2440","None"
"Pseudomonas putida LS46","None"
"Pseudomonas putida ND6","None"
"Pseudomonas putida ND6","None"
"Pseudomonas putida S13.1.2","None"
"Pseudomonas putida S610","None"
"Pseudomonas putida SJTE-1","None"
"Pseudomonas putida TRO1","None"
"Pseudomonas putida","None"
"Pseudomonas reidholzensis","None"
"Pseudomonas reinekei","None"
"Pseudomonas resinovorans NBRC 106553","None"
"Pseudomonas resinovorans NBRC 106553","None"
"Pseudomonas resinovorans NBRC 106553","None"
"Pseudomonas resinovorans NBRC 106553","None"
"Pseudomonas resinovorans NBRC 106553","None"
"Pseudomonas resinovorans NBRC 106553","None"
"Pseudomonas resinovorans NBRC 106553","None"
"Pseudomonas rhizosphaerae","None"
"Pseudomonas sagittaria","None"
"Pseudomonas salomonii","None"
"Pseudomonas saponiphila","None"
"Pseudomonas seleniipraecipitans","None"
"Pseudomonas sihuiensis","None"
"Pseudomonas sihuiensis","None"
"Pseudomonas sp. 06C 126","None"
"Pseudomonas sp. 06C 126","None"
"Pseudomonas sp. 09C 129","None"
"Pseudomonas sp. 1-7","None"
"Pseudomonas sp. 10-1B","None"
"Pseudomonas sp. 11K1","None"
"Pseudomonas sp. 11K1","None"
"Pseudomonas sp. 11K1","None"
"Pseudomonas sp. 1D4","None"
"Pseudomonas sp. 1D4","None"
"Pseudomonas sp. 2(2015)","None"
"Pseudomonas sp. 2(2015)","None"
"Pseudomonas sp. 21C1","None"
"Pseudomonas sp. 22 E 5","None"
"Pseudomonas sp. 22 E 5","None"
"Pseudomonas sp. 24 E 13","None"
"Pseudomonas sp. 25 E 4","None"
"Pseudomonas sp. 25 R 14","None"
"Pseudomonas sp. 25 R 14","None"
"Pseudomonas sp. 250J","None"
"Pseudomonas sp. 250J","None"
"Pseudomonas sp. 28 E 9","None"
"Pseudomonas sp. 2822-15","None"
"Pseudomonas sp. 2822-17","None"
"Pseudomonas sp. 2995-1","None"
"Pseudomonas sp. 2995-3","None"
"Pseudomonas sp. 31-12","None"
"Pseudomonas sp. 31-12","None"
"Pseudomonas sp. 31 E 5","None"
"Pseudomonas sp. 31 E 6","None"
"Pseudomonas sp. 31 R 17","None"
"Pseudomonas sp. 34 E 7","None"
"Pseudomonas sp. 37 R 15","None"
"Pseudomonas sp. 382","None"
"Pseudomonas sp. 424","None"
"Pseudomonas sp. 43mfcvi1.1","None"
"Pseudomonas sp. 43mfcvi1.1","None"
"Pseudomonas sp. 43mfcvi1.1","None"
"Pseudomonas sp. 43NM1","None"
"Pseudomonas sp. 44 R 15","None"
"Pseudomonas sp. 443","None"
"Pseudomonas sp. 460","None"
"Pseudomonas sp. 460","None"
"Pseudomonas sp. 460","None"
"Pseudomonas sp. 478","None"
"Pseudomonas sp. 478","None"
"Pseudomonas sp. 478","None"
"Pseudomonas sp. 5","None"
"Pseudomonas sp. 57B-090624","None"
"Pseudomonas sp. 57B-090624","None"
"Pseudomonas sp. 58 R 3","None"
"Pseudomonas sp. 655","None"
"Pseudomonas sp. 655","None"
"Pseudomonas sp. 770NI","None"
"Pseudomonas sp. 7SR1","None"
"Pseudomonas sp. 7SR1","None"
"Pseudomonas sp. A-1","None"
"Pseudomonas sp. A214","None"
"Pseudomonas sp. A214","None"
"Pseudomonas sp. A25(2017)","None"
"Pseudomonas sp. A25(2017)","None"
"Pseudomonas sp. A25(2017)","None"
"Pseudomonas sp. A46","None"
"Pseudomonas sp. A46","None"
"Pseudomonas sp. A46","None"
"Pseudomonas sp. AAC","None"
"Pseudomonas sp. AAC","None"
"Pseudomonas sp. ABFPK","None"
"Pseudomonas sp. ACM7","None"
"Pseudomonas sp. ACM7","None"
"Pseudomonas sp. ACN5","None"
"Pseudomonas sp. ACN5","None"
"Pseudomonas sp. ACN5","None"
"Pseudomonas sp. ACN5","None"
"Pseudomonas sp. ACN8","None"
"Pseudomonas sp. ACN8","None"
"Pseudomonas sp. ACN8","None"
"Pseudomonas sp. AD21","None"
"Pseudomonas sp. AD21","None"
"Pseudomonas sp. AD21","None"
"Pseudomonas sp. AF76","None"
"Pseudomonas sp. AF76","None"
"Pseudomonas sp. AFG_SD02_1510_Pfu_092","None"
"Pseudomonas sp. AFG_SD02_1510_Pfu_092","None"
"Pseudomonas sp. ATCC 13867","None"
"Pseudomonas sp. B1(2018)","None"
"Pseudomonas sp. B1(2018)","None"
"Pseudomonas sp. B1(2018)","None"
"Pseudomonas sp. B10","None"
"Pseudomonas sp. B10","None"
"Pseudomonas sp. B10","None"
"Pseudomonas sp. BCA13","None"
"Pseudomonas sp. BCA14","None"
"Pseudomonas sp. BCA17","None"
"Pseudomonas sp. BGI-2","None"
"Pseudomonas sp. BGI-2","None"
"Pseudomonas sp. BICA1-14","None"
"Pseudomonas sp. BRG-100","None"
"Pseudomonas sp. BTN1","None"
"Pseudomonas sp. C5pp","None"
"Pseudomonas sp. C5pp","None"
"Pseudomonas sp. C9","None"
"Pseudomonas sp. C9","None"
"Pseudomonas sp. C9","None"
"Pseudomonas sp. CC120222-01a","None"
"Pseudomonas sp. CC120222-01a","None"
"Pseudomonas sp. CC120222-01a","None"
"Pseudomonas sp. CC120222-01b","None"
"Pseudomonas sp. CC120222-01b","None"
"Pseudomonas sp. CC120222-01b","None"
"Pseudomonas sp. CCOS 191","None"
"Pseudomonas sp. CCOS 191","None"
"Pseudomonas sp. CF150","None"
"Pseudomonas sp. CFBP13506","None"
"Pseudomonas sp. CFBP13508","None"
"Pseudomonas sp. CFBP13508","None"
"Pseudomonas sp. CFBP13508","None"
"Pseudomonas sp. CFBP13528","None"
"Pseudomonas sp. CFII64","None"
"Pseudomonas sp. CFII64","None"
"Pseudomonas sp. CFII68","None"
"Pseudomonas sp. CFT9","None"
"Pseudomonas sp. CH235","None"
"Pseudomonas sp. CH235","None"
"Pseudomonas sp. Choline-02u-1","None"
"Pseudomonas sp. Choline-02u-1","None"
"Pseudomonas sp. Choline-3u-10","None"
"Pseudomonas sp. DP16D-E2","None"
"Pseudomonas sp. DP16D-E2","None"
"Pseudomonas sp. DrBHI1","None"
"Pseudomonas sp. DTU12.3","None"
"Pseudomonas sp. DTU12.3","None"
"Pseudomonas sp. DY-1","None"
"Pseudomonas sp. DY-1","None"
"Pseudomonas sp. DY-1","None"
"Pseudomonas sp. DY-1","None"
"Pseudomonas sp. DY-1","None"
"Pseudomonas sp. Ea RS28","None"
"Pseudomonas sp. EGD-AKN5","None"
"Pseudomonas sp. ENNP23","None"
"Pseudomonas sp. ENNP23","None"
"Pseudomonas sp. Ep R1","None"
"Pseudomonas sp. Ep R1","None"
"Pseudomonas sp. ES3-33","None"
"Pseudomonas sp. ES3-33","None"
"Pseudomonas sp. F01002","None"
"Pseudomonas sp. F01002","None"
"Pseudomonas sp. FFUP_PS_41","None"
"Pseudomonas sp. FFUP_PS_41","None"
"Pseudomonas sp. FFUP_PS_473","None"
"Pseudomonas sp. FGI182","None"
"Pseudomonas sp. FH4","None"
"Pseudomonas sp. FH4","None"
"Pseudomonas sp. FSL W5-0203","None"
"Pseudomonas sp. FSL W5-0299","None"
"Pseudomonas sp. FSL W5-0299","None"
"Pseudomonas sp. FW104-15G4B","None"
"Pseudomonas sp. FW104-R4","None"
"Pseudomonas sp. FW104-R4","None"
"Pseudomonas sp. FW104-R4","None"
"Pseudomonas sp. FW104-R4","None"
"Pseudomonas sp. FW104-R4","None"
"Pseudomonas sp. FW104-R4","None"
"Pseudomonas sp. FW126-L8","None"
"Pseudomonas sp. FW215-E1","None"
"Pseudomonas sp. FW215-R3","None"
"Pseudomonas sp. FW215-R3","None"
"Pseudomonas sp. FW215-R3","None"
"Pseudomonas sp. FW215-R3","None"
"Pseudomonas sp. FW215-R3","None"
"Pseudomonas sp. FW215-R4","None"
"Pseudomonas sp. FW215-T2","None"
"Pseudomonas sp. FW215-T2","None"
"Pseudomonas sp. FW215-T2","None"
"Pseudomonas sp. FW215-T2","None"
"Pseudomonas sp. FW215-T2","None"
"Pseudomonas sp. FW300-N1A1","None"
"Pseudomonas sp. FW300-N1A1","None"
"Pseudomonas sp. FW300-N1A5","None"
"Pseudomonas sp. FW303-C2","None"
"Pseudomonas sp. FW303-C2","None"
"Pseudomonas sp. FW303-C2","None"
"Pseudomonas sp. FW305-122","None"
"Pseudomonas sp. FW305-122","None"
"Pseudomonas sp. FW305-122","None"
"Pseudomonas sp. FW305-127","None"
"Pseudomonas sp. FW305-127","None"
"Pseudomonas sp. FW305-130","None"
"Pseudomonas sp. FW305-131","None"
"Pseudomonas sp. FW305-131","None"
"Pseudomonas sp. FW305-131","None"
"Pseudomonas sp. FW305-131","None"
"Pseudomonas sp. FW305-131","None"
"Pseudomonas sp. FW305-17","None"
"Pseudomonas sp. FW305-17","None"
"Pseudomonas sp. FW305-20","None"
"Pseudomonas sp. FW305-20","None"
"Pseudomonas sp. FW305-25","None"
"Pseudomonas sp. FW305-3-2-15-A-R2A1","None"
"Pseudomonas sp. FW305-3-2-15-A-R2A1","None"
"Pseudomonas sp. FW305-42","None"
"Pseudomonas sp. FW305-42","None"
"Pseudomonas sp. FW305-47B","None"
"Pseudomonas sp. FW305-47B","None"
"Pseudomonas sp. FW305-53","None"
"Pseudomonas sp. FW305-53","None"
"Pseudomonas sp. FW305-53","None"
"Pseudomonas sp. FW305-62","None"
"Pseudomonas sp. FW305-62","None"
"Pseudomonas sp. FW305-62","None"
"Pseudomonas sp. FW305-62","None"
"Pseudomonas sp. FW305-67","None"
"Pseudomonas sp. FW305-67","None"
"Pseudomonas sp. FW305-67","None"
"Pseudomonas sp. FW305-67","None"
"Pseudomonas sp. FW305-BF15","None"
"Pseudomonas sp. FW305-BF15","None"
"Pseudomonas sp. FW305-BF6","None"
"Pseudomonas sp. FW305-BF6","None"
"Pseudomonas sp. FW305-BF8","None"
"Pseudomonas sp. FW305-BF8","None"
"Pseudomonas sp. FW305-E2","None"
"Pseudomonas sp. FW305-E2","None"
"Pseudomonas sp. FW306-02-F02-AA","None"
"Pseudomonas sp. FW306-02-F02-AB","None"
"Pseudomonas sp. FW306-02-F04-AA","None"
"Pseudomonas sp. FW306-02-F04-BA","None"
"Pseudomonas sp. FW306-02-F08-AA","None"
"Pseudomonas sp. FW306-02-H05-AA","None"
"Pseudomonas sp. FW306-02-H05-AB","None"
"Pseudomonas sp. FW306-02-H05-BA","None"
"Pseudomonas sp. FW306-02-H06B","None"
"Pseudomonas sp. FW306-02-H06C","None"
"Pseudomonas sp. FW306-07-L","None"
"Pseudomonas sp. FW306-07-L","None"
"Pseudomonas sp. FW306-1C-G01A","None"
"Pseudomonas sp. FW306-1C-G01A","None"
"Pseudomonas sp. FW306-2-11AA","None"
"Pseudomonas sp. FW306-2-11AB","None"
"Pseudomonas sp. FW306-2-11AC","None"
"Pseudomonas sp. FW306-2-11AD","None"
"Pseudomonas sp. FW306-2-11BA","None"
"Pseudomonas sp. FW306-2-1A-C05A","None"
"Pseudomonas sp. FW306-2-1A-C05A","None"
"Pseudomonas sp. FW306-2-2C-A10BC","None"
"Pseudomonas sp. FW306-2-2C-A10BC","None"
"Pseudomonas sp. FW306-2-2C-A10BC","None"
"Pseudomonas sp. FW306-2-2C-B10A","None"
"Pseudomonas sp. FW306-2-2C-B10A","None"
"Pseudomonas sp. FW306-2-2C-D06B","None"
"Pseudomonas sp. FW306-2-2C-D06C","None"
"Pseudomonas sp. FW507-14D01","None"
"Pseudomonas sp. FW507-14D01","None"
"Pseudomonas sp. FW507-14D01","None"
"Pseudomonas sp. FW507-29LB","None"
"Pseudomonas sp. FW507-29LB","None"
"Pseudomonas sp. G5(2012)","None"
"Pseudomonas sp. G5(2012)","None"
"Pseudomonas sp. GM102","None"
"Pseudomonas sp. GM102","None"
"Pseudomonas sp. GM102","None"
"Pseudomonas sp. GM16","None"
"Pseudomonas sp. GM16","None"
"Pseudomonas sp. GM16","None"
"Pseudomonas sp. GM16","None"
"Pseudomonas sp. GM17","None"
"Pseudomonas sp. GM18","None"
"Pseudomonas sp. GM18","None"
"Pseudomonas sp. GM18","None"
"Pseudomonas sp. GM21","None"
"Pseudomonas sp. GM21","None"
"Pseudomonas sp. GM21","None"
"Pseudomonas sp. GM21","None"
"Pseudomonas sp. GM21","None"
"Pseudomonas sp. GM24","None"
"Pseudomonas sp. GM24","None"
"Pseudomonas sp. GM24","None"
"Pseudomonas sp. GM24","None"
"Pseudomonas sp. GM25","None"
"Pseudomonas sp. GM25","None"
"Pseudomonas sp. GM25","None"
"Pseudomonas sp. GM30","None"
"Pseudomonas sp. GM30","None"
"Pseudomonas sp. GM33","None"
"Pseudomonas sp. GM33","None"
"Pseudomonas sp. GM33","None"
"Pseudomonas sp. GM33","None"
"Pseudomonas sp. GM33","None"
"Pseudomonas sp. GM41(2012)","None"
"Pseudomonas sp. GM41(2012)","None"
"Pseudomonas sp. GM41(2012)","None"
"Pseudomonas sp. GM41(2012)","None"
"Pseudomonas sp. GM41(2012)","None"
"Pseudomonas sp. GM41(2012)","None"
"Pseudomonas sp. GM48","None"
"Pseudomonas sp. GM48","None"
"Pseudomonas sp. GM48","None"
"Pseudomonas sp. GM48","None"
"Pseudomonas sp. GM48","None"
"Pseudomonas sp. GM49","None"
"Pseudomonas sp. GM49","None"
"Pseudomonas sp. GM49","None"
"Pseudomonas sp. GM49","None"
"Pseudomonas sp. GM49","None"
"Pseudomonas sp. GM50","None"
"Pseudomonas sp. GM50","None"
"Pseudomonas sp. GM50","None"
"Pseudomonas sp. GM55","None"
"Pseudomonas sp. GM55","None"
"Pseudomonas sp. GM55","None"
"Pseudomonas sp. GM55","None"
"Pseudomonas sp. GM60","None"
"Pseudomonas sp. GM67","None"
"Pseudomonas sp. GM67","None"
"Pseudomonas sp. GM74","None"
"Pseudomonas sp. GM74","None"
"Pseudomonas sp. GM74","None"
"Pseudomonas sp. GM74","None"
"Pseudomonas sp. GM78","None"
"Pseudomonas sp. GM78","None"
"Pseudomonas sp. GM78","None"
"Pseudomonas sp. GM78","None"
"Pseudomonas sp. GM79","None"
"Pseudomonas sp. GM79","None"
"Pseudomonas sp. GM79","None"
"Pseudomonas sp. GM80","None"
"Pseudomonas sp. GM80","None"
"Pseudomonas sp. GM84","None"
"Pseudomonas sp. GR 6-02","None"
"Pseudomonas sp. GR 6-02","None"
"Pseudomonas sp. GR 6-02","None"
"Pseudomonas sp. GR 6-02","None"
"Pseudomonas sp. GV012","None"
"Pseudomonas sp. GV021","None"
"Pseudomonas sp. GV034","None"
"Pseudomonas sp. GV034","None"
"Pseudomonas sp. GV034","None"
"Pseudomonas sp. GV041","None"
"Pseudomonas sp. GV041","None"
"Pseudomonas sp. GV041","None"
"Pseudomonas sp. GV054","None"
"Pseudomonas sp. GV054","None"
"Pseudomonas sp. GV054","None"
"Pseudomonas sp. GV071","None"
"Pseudomonas sp. GV071","None"
"Pseudomonas sp. GV071","None"
"Pseudomonas sp. GV085","None"
"Pseudomonas sp. GV085","None"
"Pseudomonas sp. GV085","None"
"Pseudomonas sp. GV085","None"
"Pseudomonas sp. GV085","None"
"Pseudomonas sp. GV088","None"
"Pseudomonas sp. GV088","None"
"Pseudomonas sp. GV088","None"
"Pseudomonas sp. GV091","None"
"Pseudomonas sp. GW101-1A09","None"
"Pseudomonas sp. GW101-1A09","None"
"Pseudomonas sp. GW101-20A5","None"
"Pseudomonas sp. GW101-20A5","None"
"Pseudomonas sp. GW101-3F01","None"
"Pseudomonas sp. GW101-3F01","None"
"Pseudomonas sp. GW247-5R2A","None"
"Pseudomonas sp. GW247-5R2A","None"
"Pseudomonas sp. GW456-11-11-14-LB1","None"
"Pseudomonas sp. GW456-11-11-14-LB2","None"
"Pseudomonas sp. GW456-11-11-14-LB2","None"
"Pseudomonas sp. GW456-12-1-14-LB2","None"
"Pseudomonas sp. GW456-12-1-14-LB2","None"
"Pseudomonas sp. GW456-A1B","None"
"Pseudomonas sp. GW456-A1B","None"
"Pseudomonas sp. GW456-A1B","None"
"Pseudomonas sp. GW456-E6","None"
"Pseudomonas sp. GW456-E6","None"
"Pseudomonas sp. GW456-E7","None"
"Pseudomonas sp. GW456-E7","None"
"Pseudomonas sp. GW456-E7","None"
"Pseudomonas sp. GW456-L12","None"
"Pseudomonas sp. GW456-L12","None"
"Pseudomonas sp. GW456-L14","None"
"Pseudomonas sp. GW456-R21","None"
"Pseudomonas sp. GW460-11-11-14-LB11","None"
"Pseudomonas sp. GW460-11-11-14-LB11","None"
"Pseudomonas sp. GW460-12-1-14-LB3","None"
"Pseudomonas sp. GW460-12-1-14-LB3","None"
"Pseudomonas sp. GW460-13","None"
"Pseudomonas sp. GW460-13","None"
"Pseudomonas sp. GW460-5","None"
"Pseudomonas sp. GW460-7","None"
"Pseudomonas sp. GW460-7","None"
"Pseudomonas sp. GW460-8","None"
"Pseudomonas sp. GW460-8","None"
"Pseudomonas sp. GW460-C2","None"
"Pseudomonas sp. GW460-C2","None"
"Pseudomonas sp. GW460-C3","None"
"Pseudomonas sp. GW460-C3","None"
"Pseudomonas sp. GW460-C8","None"
"Pseudomonas sp. GW460-C8","None"
"Pseudomonas sp. GW460-E13","None"
"Pseudomonas sp. GW460-E13","None"
"Pseudomonas sp. GW460-E13","None"
"Pseudomonas sp. GW460-R15","None"
"Pseudomonas sp. GW531-E2","None"
"Pseudomonas sp. GW531-E2","None"
"Pseudomonas sp. GW531-T4","None"
"Pseudomonas sp. GW531-T4","None"
"Pseudomonas sp. GW704-F3","None"
"Pseudomonas sp. H2","None"
"Pseudomonas sp. H9","None"
"Pseudomonas sp. HAR-UPW-AIA-41","None"
"Pseudomonas sp. HLS-6","None"
"Pseudomonas sp. HMSC75E02","None"
"Pseudomonas sp. HMWF005","None"
"Pseudomonas sp. HMWF005","None"
"Pseudomonas sp. HMWF006","None"
"Pseudomonas sp. HMWF006","None"
"Pseudomonas sp. HMWF010","None"
"Pseudomonas sp. HMWF021","None"
"Pseudomonas sp. HMWF032","None"
"Pseudomonas sp. HMWF034","None"
"Pseudomonas sp. In5","None"
"Pseudomonas sp. In5","None"
"Pseudomonas sp. JMN1","None"
"Pseudomonas sp. JV241A","None"
"Pseudomonas sp. JV241A","None"
"Pseudomonas sp. JV551A1","None"
"Pseudomonas sp. JV551A1","None"
"Pseudomonas sp. JY-Q","None"
"Pseudomonas sp. K1S02-6","None"
"Pseudomonas sp. K2W31S-8","None"
"Pseudomonas sp. K2W31S-8","None"
"Pseudomonas sp. K2W31S-8","None"
"Pseudomonas sp. KBW05","None"
"Pseudomonas sp. LAB-08","None"
"Pseudomonas sp. LAB-08","None"
"Pseudomonas sp. LB-090624","None"
"Pseudomonas sp. LB-090624","None"
"Pseudomonas sp. Leaf129","None"
"Pseudomonas sp. Leaf129","None"
"Pseudomonas sp. Leaf434","None"
"Pseudomonas sp. Leaf48","None"
"Pseudomonas sp. Leaf48","None"
"Pseudomonas sp. Leaf58","None"
"Pseudomonas sp. Leaf58","None"
"Pseudomonas sp. Leaf83","None"
"Pseudomonas sp. Leaf83","None"
"Pseudomonas sp. Leaf98","None"
"Pseudomonas sp. LLC-1","None"
"Pseudomonas sp. LP_4_YM","None"
"Pseudomonas sp. LP_6_YM","None"
"Pseudomonas sp. LP_8_YM","None"
"Pseudomonas sp. LPH1","None"
"Pseudomonas sp. LPH1","None"
"Pseudomonas sp. LS-2","None"
"Pseudomonas sp. M30-35","None"
"Pseudomonas sp. M30-35","None"
"Pseudomonas sp. M7D1","None"
"Pseudomonas sp. MB-090624","None"
"Pseudomonas sp. MDMC17","None"
"Pseudomonas sp. MDMC17","None"
"Pseudomonas sp. MDMC17","None"
"Pseudomonas sp. MDMC216","None"
"Pseudomonas sp. MDMC216","None"
"Pseudomonas sp. MDMC216","None"
"Pseudomonas sp. MDMC224","None"
"Pseudomonas sp. MDMC224","None"
"Pseudomonas sp. MDMC224","None"
"Pseudomonas sp. MF6394","None"
"Pseudomonas sp. MF6396","None"
"Pseudomonas sp. MPBD7-1","None"
"Pseudomonas sp. MPBD7-1","None"
"Pseudomonas sp. MPBD7-1","None"
"Pseudomonas sp. MPR-ANC1","None"
"Pseudomonas sp. MPR-AND1A","None"
"Pseudomonas sp. MPR-AND1A","None"
"Pseudomonas sp. MPR-E5","None"
"Pseudomonas sp. MPR-E5","None"
"Pseudomonas sp. MPR-R1B","None"
"Pseudomonas sp. MPR-R1B","None"
"Pseudomonas sp. MPR-R2A2","None"
"Pseudomonas sp. MPR-R2A2","None"
"Pseudomonas sp. MPR-R3A","None"
"Pseudomonas sp. MPR-R3B","None"
"Pseudomonas sp. MPR-R3B","None"
"Pseudomonas sp. MPR-R3B","None"
"Pseudomonas sp. MPR-TSA4","None"
"Pseudomonas sp. MPR-TSA4","None"
"Pseudomonas sp. MR 02","None"
"Pseudomonas sp. MR 02","None"
"Pseudomonas sp. MS586","None"
"Pseudomonas sp. MWU12-2115","None"
"Pseudomonas sp. MWU12-2115","None"
"Pseudomonas sp. MWU12-2534b","None"
"Pseudomonas sp. MWU12-2534b","None"
"Pseudomonas sp. MWU13-2625","None"
"Pseudomonas sp. MWU13-2625","None"
"Pseudomonas sp. MWU13-2860","None"
"Pseudomonas sp. MYb115","None"
"Pseudomonas sp. MYb115","None"
"Pseudomonas sp. MYb187","None"
"Pseudomonas sp. NDM","None"
"Pseudomonas sp. NDM","None"
"Pseudomonas sp. NFACC02","None"
"Pseudomonas sp. NFACC04-2","None"
"Pseudomonas sp. NFACC04-2","None"
"Pseudomonas sp. NFACC04-2","None"
"Pseudomonas sp. NFACC04-2","None"
"Pseudomonas sp. NFACC05-1","None"
"Pseudomonas sp. NFACC05-1","None"
"Pseudomonas sp. NFACC05-1","None"
"Pseudomonas sp. NFACC05-1","None"
"Pseudomonas sp. NFACC06-1","None"
"Pseudomonas sp. NFACC06-1","None"
"Pseudomonas sp. NFACC07-1","None"
"Pseudomonas sp. NFACC07-1","None"
"Pseudomonas sp. NFACC07-1","None"
"Pseudomonas sp. NFACC07-1","None"
"Pseudomonas sp. NFACC08-1","None"
"Pseudomonas sp. NFACC08-1","None"
"Pseudomonas sp. NFACC08-1","None"
"Pseudomonas sp. NFACC09-4","None"
"Pseudomonas sp. NFACC09-4","None"
"Pseudomonas sp. NFACC09-4","None"
"Pseudomonas sp. NFACC11-2","None"
"Pseudomonas sp. NFACC13-1","None"
"Pseudomonas sp. NFACC13-1","None"
"Pseudomonas sp. NFACC13-1","None"
"Pseudomonas sp. NFACC14","None"
"Pseudomonas sp. NFACC14","None"
"Pseudomonas sp. NFACC14","None"
"Pseudomonas sp. NFACC15-1","None"
"Pseudomonas sp. NFACC15-1","None"
"Pseudomonas sp. NFACC15-1","None"
"Pseudomonas sp. NFACC16-2","None"
"Pseudomonas sp. NFACC16-2","None"
"Pseudomonas sp. NFACC16-2","None"
"Pseudomonas sp. NFACC16-2","None"
"Pseudomonas sp. NFACC17-2","None"
"Pseudomonas sp. NFACC17-2","None"
"Pseudomonas sp. NFACC17-2","None"
"Pseudomonas sp. NFACC17-2","None"
"Pseudomonas sp. NFACC19-2","None"
"Pseudomonas sp. NFACC19-2","None"
"Pseudomonas sp. NFACC23-1","None"
"Pseudomonas sp. NFACC23-1","None"
"Pseudomonas sp. NFACC23-1","None"
"Pseudomonas sp. NFACC23-1","None"
"Pseudomonas sp. NFACC24-1","None"
"Pseudomonas sp. NFACC24-1","None"
"Pseudomonas sp. NFACC24-1","None"
"Pseudomonas sp. NFACC32-1","None"
"Pseudomonas sp. NFACC32-1","None"
"Pseudomonas sp. NFACC32-1","None"
"Pseudomonas sp. NFACC36","None"
"Pseudomonas sp. NFACC36","None"
"Pseudomonas sp. NFACC36","None"
"Pseudomonas sp. NFACC37-1","None"
"Pseudomonas sp. NFACC37-1","None"
"Pseudomonas sp. NFACC37-1","None"
"Pseudomonas sp. NFACC39-1","None"
"Pseudomonas sp. NFACC39-1","None"
"Pseudomonas sp. NFACC39-1","None"
"Pseudomonas sp. NFACC41-3","None"
"Pseudomonas sp. NFACC43","None"
"Pseudomonas sp. NFACC43","None"
"Pseudomonas sp. NFACC43","None"
"Pseudomonas sp. NFACC44-2","None"
"Pseudomonas sp. NFACC44-2","None"
"Pseudomonas sp. NFACC44-2","None"
"Pseudomonas sp. NFACC44-2","None"
"Pseudomonas sp. NFACC45","None"
"Pseudomonas sp. NFACC45","None"
"Pseudomonas sp. NFACC45","None"
"Pseudomonas sp. NFACC46-3","None"
"Pseudomonas sp. NFACC46-3","None"
"Pseudomonas sp. NFACC46-3","None"
"Pseudomonas sp. NFACC47-1","None"
"Pseudomonas sp. NFACC47-1","None"
"Pseudomonas sp. NFACC47-1","None"
"Pseudomonas sp. NFACC48-1","None"
"Pseudomonas sp. NFACC48-1","None"
"Pseudomonas sp. NFACC48-1","None"
"Pseudomonas sp. NFACC48-1","None"
"Pseudomonas sp. NFACC49-2","None"
"Pseudomonas sp. NFACC49-2","None"
"Pseudomonas sp. NFACC49-2","None"
"Pseudomonas sp. NFACC50-1","None"
"Pseudomonas sp. NFACC50-1","None"
"Pseudomonas sp. NFACC50-1","None"
"Pseudomonas sp. NFACC50-1","None"
"Pseudomonas sp. NFACC51","None"
"Pseudomonas sp. NFACC51","None"
"Pseudomonas sp. NFACC51","None"
"Pseudomonas sp. NFACC51","None"
"Pseudomonas sp. NFACC52","None"
"Pseudomonas sp. NFACC52","None"
"Pseudomonas sp. NFACC54","None"
"Pseudomonas sp. NFACC54","None"
"Pseudomonas sp. NFACC54","None"
"Pseudomonas sp. NFACC54","None"
"Pseudomonas sp. NFACC56-3","None"
"Pseudomonas sp. NFACC56-3","None"
"Pseudomonas sp. NFIX10","None"
"Pseudomonas sp. NFIX10","None"
"Pseudomonas sp. NFIX28","None"
"Pseudomonas sp. NFIX46","None"
"Pseudomonas sp. NFIX49","None"
"Pseudomonas sp. NFIX51","None"
"Pseudomonas sp. NFPP02","None"
"Pseudomonas sp. NFPP05","None"
"Pseudomonas sp. NFPP08","None"
"Pseudomonas sp. NFPP09","None"
"Pseudomonas sp. NFPP10","None"
"Pseudomonas sp. NFPP12","None"
"Pseudomonas sp. NFPP13","None"
"Pseudomonas sp. NFPP14","None"
"Pseudomonas sp. NFPP15","None"
"Pseudomonas sp. NFPP16","None"
"Pseudomonas sp. NFPP17","None"
"Pseudomonas sp. NFPP18","None"
"Pseudomonas sp. NFPP19","None"
"Pseudomonas sp. NFPP22","None"
"Pseudomonas sp. NFPP25","None"
"Pseudomonas sp. NFPP33","None"
"Pseudomonas sp. NFPP33","None"
"Pseudomonas sp. NFR02","None"
"Pseudomonas sp. NFR16","None"
"Pseudomonas sp. ok266","None"
"Pseudomonas sp. ok266","None"
"Pseudomonas sp. ok266","None"
"Pseudomonas sp. ok266","None"
"Pseudomonas sp. ok272","None"
"Pseudomonas sp. ok272","None"
"Pseudomonas sp. ok602","None"
"Pseudomonas sp. ok602","None"
"Pseudomonas sp. Os17","None"
"Pseudomonas sp. OV081","None"
"Pseudomonas sp. OV081","None"
"Pseudomonas sp. OV081","None"
"Pseudomonas sp. OV081","None"
"Pseudomonas sp. OV081","None"
"Pseudomonas sp. OV221","None"
"Pseudomonas sp. OV221","None"
"Pseudomonas sp. OV226","None"
"Pseudomonas sp. OV226","None"
"Pseudomonas sp. OV286","None"
"Pseudomonas sp. OV341","None"
"Pseudomonas sp. OV341","None"
"Pseudomonas sp. OV341","None"
"Pseudomonas sp. OV341","None"
"Pseudomonas sp. OV341","None"
"Pseudomonas sp. OV341","None"
"Pseudomonas sp. OV397","None"
"Pseudomonas sp. OV397","None"
"Pseudomonas sp. OV397","None"
"Pseudomonas sp. OV467","None"
"Pseudomonas sp. OV467","None"
"Pseudomonas sp. OV529","None"
"Pseudomonas sp. OV657","None"
"Pseudomonas sp. p106","None"
"Pseudomonas sp. p106","None"
"Pseudomonas sp. p99-361","None"
"Pseudomonas sp. PA1(2017)","None"
"Pseudomonas sp. PA1(2017)","None"
"Pseudomonas sp. PA15(2017)","None"
"Pseudomonas sp. PA27(2017)","None"
"Pseudomonas sp. PA27(2017)","None"
"Pseudomonas sp. PA27(2017)","None"
"Pseudomonas sp. PGPPP2","None"
"Pseudomonas sp. PGPPP3","None"
"Pseudomonas sp. PI1","None"
"Pseudomonas sp. PIC25","None"
"Pseudomonas sp. PIC25","None"
"Pseudomonas sp. PIC25","None"
"Pseudomonas sp. PIC25","None"
"Pseudomonas sp. PICF141","None"
"Pseudomonas sp. PICF141","None"
"Pseudomonas sp. PICF141","None"
"Pseudomonas sp. R9.37","None"
"Pseudomonas sp. RD25","None"
"Pseudomonas sp. RD25","None"
"Pseudomonas sp. RIT-PI-o","None"
"Pseudomonas sp. RIT-PI-o","None"
"Pseudomonas sp. RIT-PI-q","None"
"Pseudomonas sp. RIT-PI-r","None"
"Pseudomonas sp. RIT288","None"
"Pseudomonas sp. RIT288","None"
"Pseudomonas sp. RIT357","None"
"Pseudomonas sp. RIT623","None"
"Pseudomonas sp. Root329","None"
"Pseudomonas sp. Root329","None"
"Pseudomonas sp. Root329","None"
"Pseudomonas sp. Root401","None"
"Pseudomonas sp. Root401","None"
"Pseudomonas sp. Root562","None"
"Pseudomonas sp. Root68","None"
"Pseudomonas sp. Root68","None"
"Pseudomonas sp. Root68","None"
"Pseudomonas sp. Root71","None"
"Pseudomonas sp. Root71","None"
"Pseudomonas sp. Root71","None"
"Pseudomonas sp. Root71","None"
"Pseudomonas sp. RV120224-01b","None"
"Pseudomonas sp. RV120224-01b","None"
"Pseudomonas sp. RV120224-01c","None"
"Pseudomonas sp. RV120224-01c","None"
"Pseudomonas sp. RW405","None"
"Pseudomonas sp. RW407","None"
"Pseudomonas sp. RW407","None"
"Pseudomonas sp. RW409","None"
"Pseudomonas sp. RW409","None"
"Pseudomonas sp. S06B 330","None"
"Pseudomonas sp. S06B 330","None"
"Pseudomonas sp. s211(2017)","None"
"Pseudomonas sp. s211(2017)","None"
"Pseudomonas sp. s211(2017)","None"
"Pseudomonas sp. SDI","None"
"Pseudomonas sp. SDI","None"
"Pseudomonas sp. SDI","None"
"Pseudomonas sp. SDI","None"
"Pseudomonas sp. SGAir0191","None"
"Pseudomonas sp. SHC52","None"
"Pseudomonas sp. SHC52","None"
"Pseudomonas sp. SHC52","None"
"Pseudomonas sp. SMT-1","None"
"Pseudomonas sp. SMT-1","None"
"Pseudomonas sp. SNU WT1","None"
"Pseudomonas sp. St29","None"
"Pseudomonas sp. SWI36","None"
"Pseudomonas sp. TAA207","None"
"Pseudomonas sp. TAD18","None"
"Pseudomonas sp. TCU-HL1","None"
"Pseudomonas sp. TCU-HL1","None"
"Pseudomonas sp. TCU-HL1","None"
"Pseudomonas sp. TKO14","None"
"Pseudomonas sp. TKO14","None"
"Pseudomonas sp. TKO14","None"
"Pseudomonas sp. TKO26","None"
"Pseudomonas sp. TKO26","None"
"Pseudomonas sp. TKO26","None"
"Pseudomonas sp. TKO29","None"
"Pseudomonas sp. TKO29","None"
"Pseudomonas sp. TKO29","None"
"Pseudomonas sp. TKO30","None"
"Pseudomonas sp. TKO30","None"
"Pseudomonas sp. TKO30","None"
"Pseudomonas sp. UW4","None"
"Pseudomonas sp. UW4","None"
"Pseudomonas sp. UW4","None"
"Pseudomonas sp. W15Feb9B","None"
"Pseudomonas sp. W15Feb9B","None"
"Pseudomonas sp. W15Feb9B","None"
"Pseudomonas sp. WCS365","None"
"Pseudomonas sp. WCS365","None"
"Pseudomonas sp. WCS365","None"
"Pseudomonas sp. WN033","None"
"Pseudomonas sp. WPR_5_2","None"
"Pseudomonas sp. XWY-1","None"
"Pseudomonas sp. XWY-1","None"
"Pseudomonas sp. Z003-0.4C(8344-21)","None"
"Pseudomonas straminea","None"
"Pseudomonas straminea","None"
"Pseudomonas stutzeri RCH2","None"
"Pseudomonas synxantha BG33R","None"
"Pseudomonas syringae","None"
"Pseudomonas syringae","None"
"Pseudomonas syringae","None"
"Pseudomonas taeanensis MS-3","None"
"Pseudomonas taiwanensis SJ9","None"
"Pseudomonas taiwanensis SJ9","None"
"Pseudomonas thivervalensis","None"
"Pseudomonas tolaasii","None"
"Pseudomonas toyotomiensis","None"
"Pseudomonas toyotomiensis","None"
"Pseudomonas umsongensis","None"
"Pseudomonas umsongensis","None"
"Pseudomonas veronii 1YdBTEX2","None"
"Pseudomonas veronii 1YdBTEX2","None"
"Pseudomonas viridiflava","None"
"Pseudomonas vranovensis","None"
"Pseudomonas vranovensis","None"
"Pseudomonas weihenstephanensis","None"
"Pseudomonas yangmingensis","None"
